team_id,sport,teamname,teamconference,teamdivision,primaryColor,secondaryColor,seasonyear,championship_odds,adp,last_year_points,championshipPct
NFL_ARI_2026,NFL,Arizona Cardinals,NFC,West,#97233F,#000000,2025-26,6800,,0,1.4
NFL_ATL_2026,NFL,Atlanta Falcons,NFC,South,#A71930,#000000,2025-26,6620,,0,1.5
NFL_BAL_2026,NFL,Baltimore Ravens,AFC,North,#241773,#9E7C0C,2025-26,720,,1,12.2
NFL_BUF_2026,NFL,Buffalo Bills,AFC,East,#00338D,#C60C30,2025-26,730,,3,12.0
NFL_CAR_2026,NFL,Carolina Panthers,NFC,South,#0085CA,#101820,2025-26,14000,,0,0.7
NFL_CHI_2026,NFL,Chicago Bears,NFC,North,#0B162A,#C83803,2025-26,3660,,0,2.7
NFL_CIN_2026,NFL,Cincinnati Bengals,AFC,North,#FB4F14,#000000,2025-26,1800,,0,5.3
NFL_CLE_2026,NFL,Cleveland Browns,AFC,North,#311D00,#FF3C00,2025-26,18500,,0,0.5
NFL_DAL_2026,NFL,Dallas Cowboys,NFC,East,#041E42,#869397,2025-26,6000,,0,1.6
NFL_DEN_2026,NFL,Denver Broncos,AFC,West,#FB4F14,#002244,2025-26,3900,,0,2.5
NFL_DET_2026,NFL,Detroit Lions,NFC,North,#0076B6,#B0B7BC,2025-26,888,,1,10.1
NFL_GB_2026,NFL,Green Bay Packers,NFC,North,#203731,#FFB612,2025-26,2140,,0,4.5
NFL_HOU_2026,NFL,Houston Texans,AFC,South,#03202F,#A71930,2025-26,3160,,1,3.1
NFL_IND_2026,NFL,Indianapolis Colts,AFC,South,#002C5F,#A2AAAD,2025-26,9800,,0,1.0
NFL_JAX_2026,NFL,Jacksonville Jaguars,AFC,South,#006778,#9F792C,2025-26,10400,,0,1.0
NFL_KC_2026,NFL,Kansas City Chiefs,AFC,West,#E31837,#FFB81C,2025-26,700,,0,12.5
NFL_LV_2026,NFL,Las Vegas Raiders,AFC,West,#000000,#A5ACAF,2025-26,10400,,6,1.0
NFL_LAC_2026,NFL,Los Angeles Chargers,AFC,West,#0080C6,#FFC20E,2025-26,2600,,0,3.7
NFL_LAR_2026,NFL,Los Angeles Rams,NFC,West,#003594,#FFA300,2025-26,2200,,1,4.3
NFL_MIA_2026,NFL,Miami Dolphins,AFC,East,#008E97,#FC4C02,2025-26,6120,,0,1.6
NFL_MIN_2026,NFL,Minnesota Vikings,NFC,North,#4F2683,#FFC62F,2025-26,3520,,0,2.8
NFL_NE_2026,NFL,New England Patriots,AFC,East,#002244,#C60C30,2025-26,9000,,0,1.1
NFL_NO_2026,NFL,New Orleans Saints,NFC,South,#D3BC8D,#000000,2025-26,16700,,0,0.6
NFL_NYG_2026,NFL,New York Giants,NFC,East,#0B2265,#A71930,2025-26,16300,,0,0.6
NFL_NYJ_2026,NFL,New York Jets,AFC,East,#125740,#000000,2025-26,14800,,0,0.7
NFL_PHI_2026,NFL,Philadelphia Eagles,NFC,East,#004C54,#A5ACAF,2025-26,644,,10,13.4
NFL_PIT_2026,NFL,Pittsburgh Steelers,AFC,North,#000000,#FFB612,2025-26,4300,,0,2.3
NFL_SF_2026,NFL,San Francisco 49ers,NFC,West,#AA0000,#B3995D,2025-26,1560,,0,6.0
NFL_SEA_2026,NFL,Seattle Seahawks,NFC,West,#002244,#69BE28,2025-26,6460,,0,1.5
NFL_TB_2026,NFL,Tampa Bay Buccaneers,NFC,South,#D50A0A,#FF7900,2025-26,3420,,0,2.8
NFL_TEN_2026,NFL,Tennessee Titans,AFC,South,#0C2340,#4B92DB,2025-26,19000,,0,0.5
NFL_WAS_2026,NFL,Washington Commanders,NFC,East,#773141,#FFB612,2025-26,1620,,3,5.8
NBA_ATL_2025,NBA,Atlanta Hawks,East,Southeast,#E03A3E,#C1D32F,2024-25,100000,,0,0.1
NBA_BOS_2025,NBA,Boston Celtics,East,Atlantic,#007A33,#BA9653,2024-25,206,,10,32.7
NBA_BKN_2025,NBA,Brooklyn Nets,East,Atlantic,#000000,#FFFFFF,2024-25,116667,,0,0.1
NBA_CHA_2025,NBA,Charlotte Hornets,East,Southeast,#1D1160,#00788C,2024-25,120000,,0,0.1
NBA_CHI_2025,NBA,Chicago Bulls,East,Central,#CE1141,#000000,2024-25,142857,,0,0.1
NBA_CLE_2025,NBA,Cleveland Cavaliers,East,Central,#860038,#FDBB30,2024-25,517,,1,16.2
NBA_DAL_2025,NBA,Dallas Mavericks,West,Southwest,#00538C,#002B5E,2024-25,162500,,6,0.1
NBA_DEN_2025,NBA,Denver Nuggets,West,Northwest,#0E2240,#FEC524,2024-25,1417,,1,6.6
NBA_DET_2025,NBA,Detroit Pistons,East,Central,#C8102E,#1D42BA,2024-25,29286,,0,0.3
NBA_GSW_2025,NBA,Golden State Warriors,West,Pacific,#1D428A,#FFC72C,2024-25,1458,,0,6.4
NBA_HOU_2025,NBA,Houston Rockets,West,Southwest,#CE1141,#000000,2024-25,14750,,0,0.7
NBA_IND_2025,NBA,Indiana Pacers,East,Central,#002D62,#FDBB30,2024-25,14917,,3,0.7
NBA_LAC_2025,NBA,Los Angeles Clippers,West,Pacific,#C8102E,#1D428A,2024-25,10333,,0,1.0
NBA_LAL_2025,NBA,Los Angeles Lakers,West,Pacific,#552583,#FDB927,2024-25,1242,,0,7.5
NBA_MEM_2025,NBA,Memphis Grizzlies,West,Southwest,#5D76A9,#12173F,2024-25,6433,,0,1.5
NBA_MIA_2025,NBA,Miami Heat,East,Southeast,#98002E,#F9A01B,2024-25,75714,,0,0.1
NBA_MIL_2025,NBA,Milwaukee Bucks,East,Central,#00471B,#EEE1C6,2024-25,6533,,0,1.5
NBA_MIN_2025,NBA,Minnesota Timberwolves,West,Northwest,#0C2340,#78BE20,2024-25,6450,,3,1.5
NBA_NOP_2025,NBA,New Orleans Pelicans,West,Southwest,#0C2340,#85714D,2024-25,100000,,0,0.1
NBA_NYK_2025,NBA,New York Knicks,East,Atlantic,#006BB6,#F58426,2024-25,3050,,1,3.2
NBA_OKC_2025,NBA,Oklahoma City Thunder,West,Northwest,#007AC1,#EF3B24,2024-25,183,,1,35.4
NBA_ORL_2025,NBA,Orlando Magic,East,Southeast,#0077C0,#C4CED4,2024-25,64167,,0,0.2
NBA_PHI_2025,NBA,Philadelphia 76ers,East,Atlantic,#006BB6,#ED174C,2024-25,179167,,0,0.1
NBA_PHX_2025,NBA,Phoenix Suns,West,Pacific,#1D1160,#E56020,2024-25,58333,,0,0.2
NBA_POR_2025,NBA,Portland Trail Blazers,West,Northwest,#E03A3E,#000000,2024-25,157143,,0,0.1
NBA_SAC_2025,NBA,Sacramento Kings,West,Pacific,#5A2D81,#63727A,2024-25,46429,,0,0.2
NBA_SAS_2025,NBA,San Antonio Spurs,West,Southwest,#C4CED4,#000000,2024-25,191667,,0,0.1
NBA_TOR_2025,NBA,Toronto Raptors,East,Atlantic,#CE1141,#000000,2024-25,178571,,0,0.1
NBA_UTA_2025,NBA,Utah Jazz,West,Northwest,#002B5C,#00471B,2024-25,100000,,0,0.1
NBA_WAS_2025,NBA,Washington Wizards,East,Southeast,#002B5C,#E31837,2024-25,125000,,0,0.1
MLB_ARI_2025,MLB,Arizona Diamondbacks,NL,West,#A71930,#000000,2025,3017,,0,3.2
MLB_ATL_2025,MLB,Atlanta Braves,NL,East,#13274F,#CE1141,2025,858,,0,10.4
MLB_BAL_2025,MLB,Baltimore Orioles,AL,East,#DF4601,#000000,2025,1600,,0,5.9
MLB_BOS_2025,MLB,Boston Red Sox,AL,East,#BD3039,#0C2340,2025,1883,,0,5.0
MLB_CHC_2025,MLB,Chicago Cubs,NL,Central,#0E3386,#CC3433,2025,2967,,0,3.3
MLB_CWS_2025,MLB,Chicago White Sox,AL,Central,#27251F,#C4CED4,2025,46667,,0,0.2
MLB_CIN_2025,MLB,Cincinnati Reds,NL,Central,#C6011F,#000000,2025,7517,,0,1.3
MLB_CLE_2025,MLB,Cleveland Guardians,AL,Central,#0C2340,#E31937,2025,3667,,3,2.7
MLB_COL_2025,MLB,Colorado Rockies,NL,West,#33006F,#C4CED4,2025,45000,,0,0.2
MLB_DET_2025,MLB,Detroit Tigers,AL,Central,#0C2340,#FA4616,2025,3133,,1,3.1
MLB_HOU_2025,MLB,Houston Astros,AL,West,#002D62,#EB6E1F,2025,1783,,0,5.3
MLB_KC_2025,MLB,Kansas City Royals,AL,Central,#004687,#BD9B60,2025,3667,,1,2.7
MLB_LAA_2025,MLB,Los Angeles Angels,AL,West,#BA0021,#003263,2025,17583,,0,0.6
MLB_LAD_2025,MLB,Los Angeles Dodgers,NL,West,#005A9C,#A5ACAF,2025,248,,10,28.7
MLB_MIA_2025,MLB,Miami Marlins,NL,East,#00A3E0,#FF5910,2025,45000,,0,0.2
MLB_MIL_2025,MLB,Milwaukee Brewers,NL,Central,#12284B,#FFC52F,2025,4500,,0,2.2
MLB_MIN_2025,MLB,Minnesota Twins,AL,Central,#002B5C,#D31145,2025,3183,,0,3.0
MLB_NYM_2025,MLB,New York Mets,NL,East,#002D72,#FF5910,2025,1150,,3,8.0
MLB_NYY_2025,MLB,New York Yankees,AL,East,#0C2340,#C4CED4,2025,863,,6,10.4
MLB_OAK_2025,MLB,Oakland Athletics,AL,West,#003831,#EFB21E,2025,19917,,0,0.5
MLB_PHI_2025,MLB,Philadelphia Phillies,NL,East,#E81828,#002D72,2025,1083,,1,8.5
MLB_PIT_2025,MLB,Pittsburgh Pirates,NL,Central,#FDB827,#000000,2025,12083,,0,0.8
MLB_SD_2025,MLB,San Diego Padres,NL,West,#002D62,#A2AAAD,2025,2683,,1,3.6
MLB_SF_2025,MLB,San Francisco Giants,NL,West,#FD5A1E,#000000,2025,7767,,0,1.3
MLB_SEA_2025,MLB,Seattle Mariners,AL,West,#0C2C56,#005C5C,2025,2733,,0,3.5
MLB_STL_2025,MLB,St. Louis Cardinals,NL,Central,#C41E3A,#0C2340,2025,11917,,0,0.8
MLB_TB_2025,MLB,Tampa Bay Rays,AL,East,#092C5C,#8FBCE6,2025,4833,,0,2.0
MLB_TEX_2025,MLB,Texas Rangers,AL,West,#003278,#C0111F,2025,2117,,0,4.5
MLB_TOR_2025,MLB,Toronto Blue Jays,AL,East,#134A8E,#E8291C,2025,5917,,0,1.7
MLB_WAS_2025,MLB,Washington Nationals,NL,East,#AB0003,#14225A,2025,26667,,0,0.4
NHL_ANA_2025,NHL,Anaheim Ducks,West,Pacific,#F47A38,#000000,2024-25,55000,,0,0.2
NHL_BOS_2025,NHL,Boston Bruins,East,Atlantic,#FFB81C,#000000,2024-25,29583,,1,0.3
NHL_BUF_2025,NHL,Buffalo Sabres,East,Atlantic,#002654,#FCB514,2024-25,80000,,0,0.1
NHL_CGY_2025,NHL,Calgary Flames,West,Pacific,#C8102E,#F1BE48,2024-25,23333,,0,0.4
NHL_CAR_2025,NHL,Carolina Hurricanes,East,Metropolitan,#CC0000,#000000,2024-25,1075,,1,8.5
NHL_CHI_2025,NHL,Chicago Blackhawks,West,Central,#CF0A2C,#000000,2024-25,200000,,0,0.0
NHL_COL_2025,NHL,Colorado Avalanche,West,Central,#6F263D,#236192,2024-25,892,,1,10.1
NHL_CBJ_2025,NHL,Columbus Blue Jackets,East,Metropolitan,#002654,#CE1126,2024-25,14750,,0,0.7
NHL_DAL_2025,NHL,Dallas Stars,West,Central,#006847,#000000,2024-25,600,,3,14.3
NHL_DET_2025,NHL,Detroit Red Wings,East,Atlantic,#CE1126,#FFFFFF,2024-25,16833,,0,0.6
NHL_EDM_2025,NHL,Edmonton Oilers,West,Pacific,#FF4C00,#041E42,2024-25,771,,6,11.5
NHL_FLA_2025,NHL,Florida Panthers,East,Atlantic,#041E42,#C8102E,2024-25,579,,10,14.7
NHL_LA_2025,NHL,Los Angeles Kings,West,Pacific,#000000,#A2AAAD,2024-25,2500,,0,3.8
NHL_MIN_2025,NHL,Minnesota Wild,West,Central,#154734,#DDCBA4,2024-25,3533,,0,2.8
NHL_MTL_2025,NHL,Montreal Canadiens,East,Atlantic,#AF1E2D,#192168,2024-25,22000,,0,0.5
NHL_NSH_2025,NHL,Nashville Predators,West,Central,#FFB81C,#041E42,2024-25,83333,,0,0.1
NHL_NJD_2025,NHL,New Jersey Devils,East,Metropolitan,#CE1126,#000000,2024-25,3217,,0,3.0
NHL_NYI_2025,NHL,New York Islanders,East,Metropolitan,#00539B,#F47D30,2024-25,17333,,0,0.6
NHL_NYR_2025,NHL,New York Rangers,East,Metropolitan,#0038A8,#CE1126,2024-25,5083,,3,1.9
NHL_OTT_2025,NHL,Ottawa Senators,East,Atlantic,#E31837,#000000,2024-25,4533,,0,2.2
NHL_PHI_2025,NHL,Philadelphia Flyers,East,Metropolitan,#F74902,#000000,2024-25,45833,,0,0.2
NHL_PIT_2025,NHL,Pittsburgh Penguins,East,Metropolitan,#000000,#FFB81C,2024-25,57500,,0,0.2
NHL_SJ_2025,NHL,San Jose Sharks,West,Pacific,#006D75,#EA7200,2024-25,100000,,0,0.1
NHL_SEA_2025,NHL,Seattle Kraken,West,Pacific,#001628,#99D9D9,2024-25,59167,,0,0.2
NHL_STL_2025,NHL,St Louis Blues,West,Central,#002F87,#FCB514,2024-25,16583,,0,0.6
NHL_TB_2025,NHL,Tampa Bay Lightning,East,Atlantic,#002868,#FFFFFF,2024-25,1167,,0,7.9
NHL_TOR_2025,NHL,Toronto Maple Leafs,East,Atlantic,#00205B,#FFFFFF,2024-25,1283,,0,7.2
NHL_UTA_2025,NHL,Utah Hockey Club,West,Central,#000000,#FFFFFF,2024-25,18750,,0,0.5
NHL_VAN_2025,NHL,Vancouver Canucks,West,Pacific,#00205B,#00843D,2024-25,8667,,1,1.1
NHL_VGK_2025,NHL,Vegas Golden Knights,West,Pacific,#B4975A,#333F42,2024-25,1100,,0,8.3
NHL_WAS_2025,NHL,Washington Capitals,East,Metropolitan,#041E42,#C8102E,2024-25,1083,,0,8.5
NHL_WPG_2025,NHL,Winnipeg Jets,West,Central,#041E42,#FFFFFF,2024-25,1150,,0,8.0
NCAAF_AFA_2026,NCAAF,Air Force Falcons,Sun Belt,East,#000000,#FFD100,2025-26,125000,,0,0.1
NCAAF_AKR_2026,NCAAF,Akron Zips,B12,N/A,#8C1D40,#FFC627,2025-26,100000,,1,0.1
NCAAF_ALA_2026,NCAAF,Alabama Crimson Tide,Sun Belt,West,#E11515,#000000,2025-26,1500,,0,6.3
NCAAF_APP_2026,NCAAF,Appalachian State Mountaineers,SEC,West,#0C2340,#E87722,2025-26,100000,,0,0.1
NCAAF_ARI_2026,NCAAF,Arizona State Sun Devils,MAC,West,#CE1141,#FFFFFF,2025-26,9720,,0,1.0
NCAAF_ASU_2026,NCAAF,Arizona Wildcats,B12,N/A,#1C3D77,#FFC72C,2025-26,90000,,0,0.1
NCAAF_ARK_2026,NCAAF,Arkansas Razorbacks,MWC,Mountain,#09347A,#D3D3D3,2025-26,24000,,1,0.4
NCAAF_ARKST_2026,NCAAF,Arkansas State Red Wolves,ACC,Atlantic,#8C1D40,#A39161,2025-26,200000,,0,0.0
NCAAF_ARMY_2026,NCAAF,Army Black Knights,MAC,East,#4F2683,#FFC72C,2025-26,150000,,0,0.1
NCAAF_AUB_2026,NCAAF,Auburn Tigers,Independent,N/A,#002E5D,#FFFFFF,2025-26,7040,,0,1.4
NCAAF_BALL_2026,NCAAF,Ball State Cardinals,MWC,West,#CC0033,#003366,2025-26,316667,,0,0.0
NCAAF_BAY_2026,NCAAF,Baylor Bears,MAC,West,#6A0032,#FFC72C,2025-26,17500,,0,0.6
NCAAF_BSU_2026,NCAAF,Boise State Broncos,ACC,Atlantic,#F56600,#522D80,2025-26,24000,,0,0.4
NCAAF_BC_2026,NCAAF,Boston College Eagles,Sun Belt,East,#00703C,#000000,2025-26,72500,,0,0.1
NCAAF_BGSU_2026,NCAAF,Bowling Green Falcons,MWC,Mountain,#1E4D2B,#FFC72C,2025-26,125000,,0,0.1
NCAAF_BUF_2026,NCAAF,Buffalo Bulls,ACC,Coastal,#001A57,#FFFFFF,2025-26,233333,,0,0.0
NCAAF_BYU_2026,NCAAF,BYU Cougars,AAC,N/A,#592A8A,#FEC923,2025-26,14500,,0,0.7
NCAAF_CAL_2026,NCAAF,California Golden Bears,MAC,West,#046A38,#FFFFFF,2025-26,50000,,0,0.2
NCAAF_CMU_2026,NCAAF,Central Michigan Chippewas,AAC,N/A,#004B8D,#D21034,2025-26,100000,,0,0.1
NCAAF_CHAR_2026,NCAAF,Charlotte 49ers,USA,N/A,#003366,#CC0033,2025-26,200000,,0,0.0
NCAAF_CIN_2026,NCAAF,Cincinnati Bearcats,ACC,Atlantic,#782F40,#CEB888,2025-26,57000,,0,0.2
NCAAF_CLEM_2026,NCAAF,Clemson Tigers,ACC,Coastal,#00263A,#B3A369,2025-26,1840,,0,5.2
NCAAF_CCU_2026,NCAAF,Coastal Carolina Chanticleers,Sun Belt,East,#003366,#FFFFFF,2025-26,200000,,0,0.0
NCAAF_COLO_2026,NCAAF,Colorado Buffaloes,Sun Belt,East,#0039A6,#FFFFFF,2025-26,16000,,0,0.6
NCAAF_CSU_2026,NCAAF,Colorado State Rams,B10,East,#990000,#FFFFFF,2025-26,125000,,0,0.1
NCAAF_DUKE_2026,NCAAF,Duke Blue Devils,B12,N/A,#C8102E,#F1BE48,2025-26,52000,,0,0.2
NCAAF_ECU_2026,NCAAF,East Carolina Pirates,USA,N/A,#CC0033,#000000,2025-26,125000,,0,0.1
NCAAF_EMU_2026,NCAAF,Eastern Michigan Eagles,Sun Belt,East,#4B0055,#FFC72C,2025-26,100000,,0,0.1
NCAAF_FIU_2026,NCAAF,Florida Atlantic Owls,B12,N/A,#512888,#FFFFFF,2025-26,200000,,0,0.0
NCAAF_UF_2026,NCAAF,Florida Gators,USA,N/A,#000000,#FFC72C,2025-26,5060,,0,1.9
NCAAF_FAU_2026,NCAAF,Florida International Panthers,MAC,East,#002855,#FFC72C,2025-26,100000,,0,0.1
NCAAF_FSU_2026,NCAAF,Florida State Seminoles,USA,N/A,#002D62,#B38E5D,2025-26,10000,,0,1.0
NCAAF_FRES_2026,NCAAF,Fresno State Bulldogs,SEC,West,#461D7C,#FDD023,2025-26,125000,,0,0.1
NCAAF_UGA_2026,NCAAF,Georgia Bulldogs,USA,N/A,#E31C3D,#FFFFFF,2025-26,710,,0,12.3
NCAAF_GASO_2026,NCAAF,Georgia Southern Eagles,Sun Belt,East,#006747,#FFFFFF,2025-26,233333,,0,0.0
NCAAF_GSU_2026,NCAAF,Georgia State Panthers,MAC,East,#C8102E,#FFFFFF,2025-26,233333,,0,0.0
NCAAF_GT_2026,NCAAF,Georgia Tech Yellow Jackets,B10,East,#18453B,#FFFFFF,2025-26,14900,,0,0.7
NCAAF_HAW_2026,NCAAF,Hawaii Rainbow Warriors,USA,N/A,#003366,#FFFFFF,2025-26,200000,,0,0.0
NCAAF_HOU_2026,NCAAF,Houston Cougars,SEC,West,#660000,#FFFFFF,2025-26,65000,,0,0.2
NCAAF_ILL_2026,NCAAF,Illinois Fighting Illini,USA,N/A,#8C1D40,#FFFFFF,2025-26,18750,,0,0.5
NCAAF_IU_2026,NCAAF,Indiana Hoosiers,ACC,Atlantic,#CC0000,#000000,2025-26,10800,,0,0.9
NCAAF_IOWA_2026,NCAAF,Iowa Hawkeyes,MAC,West,#C8102E,#FFFFFF,2025-26,17400,,0,0.6
NCAAF_ISU_2026,NCAAF,Iowa State Cyclones,B10,West,#4E2A84,#FFFFFF,2025-26,15400,,0,0.6
NCAAF_JSU_2026,NCAAF,Jacksonville State Gamecocks,MAC,East,#004B8D,#FFFFFF,2025-26,125000,,0,0.1
NCAAF_JMU_2026,NCAAF,James Madison Dukes,B12,N/A,#FF7300,#000000,2025-26,90000,,0,0.1
NCAAF_KU_2026,NCAAF,Kansas Jayhawks,Sun Belt,East,#00507D,#FFFFFF,2025-26,17900,,0,0.6
NCAAF_KSU_2026,NCAAF,Kansas State Wildcats,Pac-12,N/A,#DC4405,#000000,2025-26,11100,,0,0.9
NCAAF_KENN_2026,NCAAF,Kennesaw State Owls,B10,East,#041E42,#FFFFFF,2025-26,100000,,3,0.1
NCAAF_KENT_2026,NCAAF,Kent State Golden Flashes,B10,West,#CEB888,#000000,2025-26,100000,,0,0.1
NCAAF_UK_2026,NCAAF,Kentucky Wildcats,AAC,N/A,#003366,#FFFFFF,2025-26,32000,,0,0.3
NCAAF_LIB_2026,NCAAF,Liberty Flames,B10,East,#CC0033,#000000,2025-26,133333,,0,0.1
NCAAF_ULL_2026,NCAAF,Louisiana Ragin Cajuns,USA,N/A,#F56600,#000000,2025-26,87500,,0,0.1
NCAAF_LATECH_2026,NCAAF,Louisiana Tech Bulldogs,MWC,West,#BF2C37,#000000,2025-26,100000,,0,0.1
NCAAF_LOU_2026,NCAAF,Louisville Cardinals,MWC,West,#00529B,#FFFFFF,2025-26,8120,,0,1.2
NCAAF_LSU_2026,NCAAF,LSU Tigers,ACC,N/A,#E31C3D,#FFFFFF,2025-26,1960,,0,4.9
NCAAF_MAR_2026,NCAAF,Marshall Thundering Herd,ACC,N/A,#8C1515,#FFFFFF,2025-26,125000,,0,0.1
NCAAF_MD_2026,NCAAF,Maryland Terrapins,ACC,Atlantic,#D44500,#FFFFFF,2025-26,84000,,0,0.1
NCAAF_MEM_2026,NCAAF,Memphis Tigers,AAC,N/A,#A41E35,#FFFFFF,2025-26,70000,,0,0.1
NCAAF_MIA_2026,NCAAF,Miami Hurricanes,SEC,West,#500000,#FFFFFF,2025-26,2920,,0,3.3
NCAAF_MIAOH_2026,NCAAF,Miami (OH) RedHawks,B12,N/A,#4D1979,#FFFFFF,2025-26,125000,,0,0.1
NCAAF_MICH_2026,NCAAF,Michigan Wolverines,Sun Belt,West,#501214,#FFFFFF,2025-26,3100,,0,3.1
NCAAF_MSU_2026,NCAAF,Michigan State Spartans,B12,N/A,#CC0000,#000000,2025-26,35000,,0,0.3
NCAAF_MTSU_2026,NCAAF,Middle Tennessee Blue Raiders,B10,East,#BB0000,#666666,2025-26,100000,,10,0.1
NCAAF_MINN_2026,NCAAF,Minnesota Golden Gophers,AAC,N/A,#00703C,#FFFFFF,2025-26,40000,,0,0.2
NCAAF_MISSST_2026,NCAAF,Mississippi State Bulldogs,Sun Belt,West,#FFC72C,#000000,2025-26,75000,,0,0.1
NCAAF_MIZZ_2026,NCAAF,Missouri Tigers,AAC,N/A,#002D62,#FFC72C,2025-26,14500,,0,0.7
NCAAF_NAVY_2026,NCAAF,Navy Midshipmen,Sun Belt,West,#8C1D40,#FFFFFF,2025-26,140000,,0,0.1
NCAAF_NCST_2026,NCAAF,NC State Wolfpack,AAC,N/A,#005837,#FFFFFF,2025-26,24000,,0,0.4
NCAAF_NEB_2026,NCAAF,Nebraska Cornhuskers,MWC,Mountain,#003366,#FFFFFF,2025-26,12400,,0,0.8
NCAAF_NEV_2026,NCAAF,Nevada Wolf Pack,AAC,N/A,#000000,#D3D3D3,2025-26,200000,,0,0.0
NCAAF_UNM_2026,NCAAF,New Mexico Lobos,AAC,N/A,#00205B,#FFFFFF,2025-26,100000,,0,0.1
NCAAF_NMSU_2026,NCAAF,New Mexico State Aggies,MAC,East,#0057B7,#FFD700,2025-26,100000,,0,0.1
NCAAF_UNC_2026,NCAAF,North Carolina Tar Heels,MAC,East,#002855,#FFC72C,2025-26,12500,,0,0.8
NCAAF_UNT_2026,NCAAF,North Texas Mean Green,SEC,West,#9E1B32,#FFFFFF,2025-26,125000,,0,0.1
NCAAF_NIU_2026,NCAAF,Northern Illinois Huskies,AAC,N/A,#003366,#FFC72C,2025-26,133333,,0,0.1
NCAAF_NW_2026,NCAAF,Northwestern Wildcats,B12,N/A,#00205B,#CC0033,2025-26,100000,,0,0.1
NCAAF_ND_2026,NCAAF,Notre Dame Fighting Irish,SEC,West,#9D2235,#FFFFFF,2025-26,1320,,0,7.0
NCAAF_OHIO_2026,NCAAF,Ohio Bobcats,ACC,N/A,#003262,#C4820E,2025-26,125000,,0,0.1
NCAAF_OSU_2026,NCAAF,Ohio State Buckeyes,B10,N/A,#536895,#FFB81C,2025-26,525,,0,16.0
NCAAF_OKLA_2026,NCAAF,Oklahoma Sooners,B12,N/A,#000000,#FFC904,2025-26,7040,,0,1.4
NCAAF_OKST_2026,NCAAF,Oklahoma State Cowboys,B12,N/A,#E00122,#000000,2025-26,47500,,0,0.2
NCAAF_ODU_2026,NCAAF,Old Dominion Monarchs,B12,N/A,#CFB87C,#000000,2025-26,133333,,0,0.1
NCAAF_MISS_2026,NCAAF,Ole Miss Rebels,Independent,N/A,#000E2F,#FFFFFF,2025-26,2500,,0,3.8
NCAAF_ORE_2026,NCAAF,Oregon Ducks,SEC,East,#0021A5,#FA4616,2025-26,750,,0,11.8
NCAAF_ORST_2026,NCAAF,Oregon State Beavers,SEC,East,#BA0C2F,#000000,2025-26,140000,,1,0.1
NCAAF_PSU_2026,NCAAF,Penn State Nittany Lions,MWC,West,#024731,#FFFFFF,2025-26,860,,0,10.4
NCAAF_PITT_2026,NCAAF,Pittsburgh Panthers,B12,N/A,#C8102E,#FFFFFF,2025-26,36000,,0,0.3
NCAAF_PUR_2026,NCAAF,Purdue Boilermakers,B10,West,#13294B,#FFC72C,2025-26,140000,,0,0.1
NCAAF_RICE_2026,NCAAF,Rice Owls,B10,West,#000000,#FFC72C,2025-26,200000,,0,0.0
NCAAF_RUTG_2026,NCAAF,Rutgers Scarlet Knights,B12,N/A,#0051BA,#FFC72C,2025-26,100000,,0,0.1
NCAAF_SHSU_2026,NCAAF,Sam Houston State Bearkats,SEC,East,#0033A0,#FFFFFF,2025-26,125000,,0,0.1
NCAAF_SDSU_2026,NCAAF,San Diego State Aztecs,Sun Belt,West,#C8102E,#FFFFFF,2025-26,233333,,0,0.0
NCAAF_SJSU_2026,NCAAF,San Jose State Spartans,Sun Belt,West,#8C1D40,#FFFFFF,2025-26,125000,,0,0.1
NCAAF_SMU_2026,NCAAF,SMU Mustangs,ACC,Atlantic,#AD0000,#000000,2025-26,7600,,0,1.3
NCAAF_USA_2026,NCAAF,South Alabama Jaguars,B10,East,#E03A3E,#FFFFFF,2025-26,125000,,0,0.1
NCAAF_SC_2026,NCAAF,South Carolina Gamecocks,Independent,N/A,#881C1C,#FFFFFF,2025-26,3860,,0,2.5
NCAAF_USM_2026,NCAAF,Southern Mississippi Golden Eagles,AAC,N/A,#003366,#FFFFFF,2025-26,200000,,0,0.0
NCAAF_STAN_2026,NCAAF,Stanford Cardinal,ACC,Coastal,#004325,#F47321,2025-26,100000,,0,0.1
NCAAF_SYR_2026,NCAAF,Syracuse Orange,B10,East,#00274C,#FFCB05,2025-26,22500,,0,0.4
NCAAF_TCU_2026,NCAAF,TCU Horned Frogs,B10,West,#7A0019,#FFCC33,2025-26,22000,,0,0.5
NCAAF_TEMP_2026,NCAAF,Temple Owls,SEC,West,#002147,#FFFFFF,2025-26,100000,,0,0.1
NCAAF_TENN_2026,NCAAF,Tennessee Volunteers,SEC,East,#000000,#F1B82D,2025-26,1880,,0,5.1
NCAAF_TEX_2026,NCAAF,Texas Longhorns,B10,West,#E41C38,#FFFFFF,2025-26,580,,0,14.7
NCAAF_TAMU_2026,NCAAF,Texas A&M Aggies,MWC,West,#C41230,#000000,2025-26,3260,,0,3.0
NCAAF_TXST_2026,NCAAF,Texas State Bobcats,MWC,West,#003366,#FFFFFF,2025-26,55000,,0,0.2
NCAAF_TTU_2026,NCAAF,Texas Tech Red Raiders,MWC,Mountain,#BA0C2F,#000000,2025-26,20400,,0,0.5
NCAAF_TOL_2026,NCAAF,Toledo Rockets,ACC,Coastal,#7BAFD4,#FFFFFF,2025-26,140000,,0,0.1
NCAAF_TROY_2026,NCAAF,Troy Trojans,AAC,N/A,#00853E,#FFFFFF,2025-26,200000,,0,0.0
NCAAF_TULN_2026,NCAAF,Tulane Green Wave,Independent,N/A,#0C2340,#C99700,2025-26,31000,,6,0.3
NCAAF_TULSA_2026,NCAAF,Tulsa Golden Hurricane,SEC,N/A,#841617,#FFFFFF,2025-26,100000,,0,0.1
NCAAF_UAB_2026,NCAAF,UAB Blazers,B10,N/A,#154733,#FEE123,2025-26,233333,,1,0.0
NCAAF_UCF_2026,NCAAF,UCF Knights,ACC,Coastal,#003366,#FFB81C,2025-26,32000,,0,0.3
NCAAF_UCLA_2026,NCAAF,UCLA Bruins,Sun Belt,West,#003366,#FFFFFF,2025-26,58000,,0,0.2
NCAAF_UConn_2026,NCAAF,UConn Huskies,SEC,East,#73000A,#000000,2025-26,125000,,0,0.1
NCAAF_ULM_2026,NCAAF,UL Monroe Warhawks,AAC,N/A,#00453D,#FFFFFF,2025-26,100000,,0,0.1
NCAAF_UMASS_2026,NCAAF,UMass Minutemen,B10,N/A,#990000,#FFFFFF,2025-26,100000,,0,0.1
NCAAF_UNLV_2026,NCAAF,UNLV Rebels,SEC,East,#FF8200,#FFFFFF,2025-26,40000,,0,0.2
NCAAF_USC_2026,NCAAF,USC Trojans,SEC,N/A,#BF5700,#FFFFFF,2025-26,10200,,3,1.0
NCAAF_USF_2026,NCAAF,South Florida Bulls,USA,N/A,#003366,#FFC72C,2025-26,100000,,0,0.1
NCAAF_UTAH_2026,NCAAF,Utah Utes,AAC,N/A,#003366,#FFC72C,2025-26,13400,,0,0.7
NCAAF_USU_2026,NCAAF,Utah State Aggies,MAC,West,#003366,#FFC72C,2025-26,233333,,0,0.0
NCAAF_UTEP_2026,NCAAF,UTEP Miners,B12,N/A,#CC0000,#FFFFFF,2025-26,100000,,0,0.1
NCAAF_UTSA_2026,NCAAF,UTSA Roadrunners,ACC,Coastal,#232D4B,#FFFFFF,2025-26,100000,,0,0.1
NCAAF_VAN_2026,NCAAF,Vanderbilt Commodores,B10,N/A,#4B2E83,#FFFFFF,2025-26,50000,,0,0.2
NCAAF_UVA_2026,NCAAF,Virginia Cavaliers,B10,West,#C5050C,#FFFFFF,2025-26,100000,,0,0.1
NCAAF_VT_2026,NCAAF,Virginia Tech Hokies,MWC,Mountain,#4B2E83,#FFFFFF,2025-26,18750,,0,0.5
NCAAF_WAKE_2026,NCAAF,Wake Forest Demon Deacons,MWC,Mountain,#003366,#FFFFFF,2025-26,125000,,0,0.1
NCAAF_WASH_2026,NCAAF,Washington Huskies,SEC,East,#000000,#FFFFFF,2025-26,23750,,0,0.4
NCAAF_WSU_2026,NCAAF,Washington State Cougars,ACC,Coastal,#630031,#CF4420,2025-26,140000,,0,0.1
NCAAF_WVU_2026,NCAAF,West Virginia Mountaineers,ACC,Atlantic,#9E1B32,#000000,2025-26,27000,,0,0.4
NCAAF_WKU_2026,NCAAF,Western Kentucky Hilltoppers,Pac-12,N/A,#981E32,#FFFFFF,2025-26,133333,,0,0.1
NCAAF_WMU_2026,NCAAF,Western Michigan Broncos,B12,N/A,#002855,#EAAA00,2025-26,100000,,0,0.1
NCAAF_WISC_2026,NCAAF,Wisconsin Badgers,USA,N/A,#C8102E,#FFFFFF,2025-26,27000,,0,0.4
NCAAF_WYO_2026,NCAAF,Wyoming Cowboys,MAC,West,#592A8A,#FFC72C,2025-26,300000,,0,0.0
NCAAB_ACU_2025,NCAAB,Abilene Christian Wildcats,WAC,N/A,#5C0025,#FFFFFF,2024-25,No Odds,,0,0.0
NCAAB_AAMU_2025,NCAAB,Alabama A&M Bulldogs,SWAC,N/A,#8C1D40,#FFFFFF,2024-25,No Odds,,0,0.0
NCAAB_ALST_2025,NCAAB,Alabama State Hornets,SWAC,N/A,#8C1D40,#FFFFFF,2024-25,No Odds,,0,0.0
NCAAB_ALCN_2025,NCAAB,Alcorn State Braves,SWAC,N/A,#8C1D40,#FFFFFF,2024-25,No Odds,,0,0.0
NCAAB_AL_2025,NCAAB,American Eagles,Patriot,N/A,#003366,#FFFFFF,2024-25,No Odds,,0,0.0
NCAAB_APP_2025,NCAAB,Appalachian State Mountaineers,Sun Belt,N/A,#000000,#FFD100,2024-25,No Odds,,0,0.0
NCAAB_ASU_2025,NCAAB,Arizona State Sun Devils,B12,N/A,#8C1D40,#FFC627,2024-25,No Odds,,0,0.0
NCAAB_ARKST_2025,NCAAB,Arkansas State Red Wolves,Sun Belt,N/A,#E11515,#000000,2024-25,No Odds,,0,0.0
NCAAB_AUB_2025,NCAAB,Auburn Tigers,SEC,N/A,#0C2340,#E87722,2024-25,483,,0,17.1
NCAAB_APSU_2025,NCAAB,Austin Peay Governors,ASUN,N/A,#003366,#FFFFFF,2024-25,No Odds,,0,0.0
NCAAB_BALL_2025,NCAAB,Ball State Cardinals,MAC,N/A,#CE1141,#FFFFFF,2024-25,No Odds,,0,0.0
NCAAB_BAY_2025,NCAAB,Baylor Bears,B12,N/A,#1C3D77,#FFC72C,2024-25,25500,,0,0.4
NCAAB_BELL_2025,NCAAB,Bellarmine Knights,ASUN,N/A,#003366,#FFFFFF,2024-25,No Odds,,0,0.0
NCAAB_BELM_2025,NCAAB,Belmont Bruins,MVC,N/A,#003366,#FFFFFF,2024-25,No Odds,,0,0.0
NCAAB_BCU_2025,NCAAB,Bethune-Cookman Wildcats,SWAC,N/A,#8C1D40,#FFFFFF,2024-25,No Odds,,0,0.0
NCAAB_BSU_2025,NCAAB,Boise State Broncos,MWC,N/A,#09347A,#D3D3D3,2024-25,No Odds,,0,0.0
NCAAB_BC_2025,NCAAB,Boston College Eagles,ACC,N/A,#8C1D40,#A39161,2024-25,No Odds,,0,0.0
NCAAB_BU_2025,NCAAB,Boston Terriers,Patriot,N/A,#003366,#FFFFFF,2024-25,No Odds,,0,0.0
NCAAB_BGSU_2025,NCAAB,Bowling Green Falcons,MAC,N/A,#4F2683,#FFC72C,2024-25,No Odds,,0,0.0
NCAAB_BRAD_2025,NCAAB,Bradley Braves,MVC,N/A,#003366,#FFFFFF,2024-25,No Odds,,0,0.0
NCAAB_BYU_2025,NCAAB,BYU Cougars,B12,N/A,#002E5D,#FFFFFF,2024-25,9767,,0,1.0
NCAAB_BROWN_2025,NCAAB,Brown Bears,Ivy,N/A,#4E3629,#FFFFFF,2024-25,No Odds,,0,0.0
NCAAB_BRY_2025,NCAAB,Bryant Bulldogs,America East,N/A,#003366,#FFFFFF,2024-25,No Odds,,0,0.0
NCAAF_BUCK_2025,NCAAF,Bucknell Bison,Patriot,N/A,#003366,#FFFFFF,2024-25,No Odds,,0,0.0
NCAAB_BUT_2025,NCAAB,Butler Bulldogs,Big East,N/A,#003366,#FFFFFF,2024-25,No Odds,,0,0.0
NCAAB_CBU_2025,NCAAB,Cal Baptist Lancers,WAC,N/A,#003366,#FFFFFF,2024-25,No Odds,,0,0.0
NCAAB_CP_2025,NCAAB,Cal Poly Mustangs,Big West,N/A,#003366,#FFFFFF,2024-25,No Odds,,0,0.0
NCAAB_CSUB_2025,NCAAB,CSU Bakersfield Roadrunners,Big West,N/A,#003366,#FFFFFF,2024-25,No Odds,,0,0.0
NCAAB_FRES_2025,NCAAB,Fresno State Bulldogs,MWC,N/A,#CC0033,#003366,2024-25,No Odds,,0,0.0
NCAAB_FULL_2025,NCAAB,CSU Fullerton Titans,Big West,N/A,#003366,#FFFFFF,2024-25,No Odds,,0,0.0
NCAAB_LBSU_2025,NCAAB,Long Beach State Beach,Big West,N/A,#003366,#FFFFFF,2024-25,No Odds,,0,0.0
NCAAB_CSUN_2025,NCAAB,CSU Northridge Matadors,Big West,N/A,#003366,#FFFFFF,2024-25,No Odds,,0,0.0
NCAAB_SAC_2025,NCAAB,Sacramento State Hornets,Big Sky,N/A,#003366,#FFFFFF,2024-25,No Odds,,0,0.0
NCAAB_CAMP_2025,NCAAB,Campbell Camels,CAA,N/A,#003366,#FFFFFF,2024-25,No Odds,,0,0.0
NCAAB_CAN_2025,NCAAB,Canisius Golden Griffins,MAAC,N/A,#003366,#FFFFFF,2024-25,No Odds,,0,0.0
NCAAB_CCSU_2025,NCAAB,Central Connecticut Blue Devils,NEC,N/A,#003366,#FFFFFF,2024-25,No Odds,,0,0.0
NCAAB_CMU_2025,NCAAB,Central Michigan Chippewas,MAC,N/A,#6A0032,#FFC72C,2024-25,No Odds,,0,0.0
NCAAB_CHSO_2025,NCAAB,Charleston Southern Buccaneers,Big South,N/A,#003366,#FFFFFF,2024-25,No Odds,,0,0.0
NCAAB_CHI_2025,NCAAB,Chicago State Cougars,NEC,N/A,#003366,#FFFFFF,2024-25,No Odds,,0,0.0
NCAAB_CLEM_2025,NCAAB,Clemson Tigers,ACC,N/A,#F56600,#522D80,2024-25,9000,,1,1.1
NCAAB_CLEV_2025,NCAAB,Cleveland State Vikings,Horizon,N/A,#003366,#FFFFFF,2024-25,No Odds,,0,0.0
NCAAB_CCU_2025,NCAAB,Coastal Carolina Chanticleers,Sun Belt,N/A,#00703C,#000000,2024-25,No Odds,,0,0.0
NCAAB_COL_2025,NCAAB,Colgate Raiders,Patriot,N/A,#003366,#FFFFFF,2024-25,No Odds,,0,0.0
NCAAB_COFC_2025,NCAAB,Charleston Cougars,CAA,N/A,#003366,#FFFFFF,2024-25,No Odds,,0,0.0
NCAAB_HC_2025,NCAAB,Holy Cross Crusaders,Patriot,N/A,#003366,#FFFFFF,2024-25,No Odds,,0,0.0
NCAAB_CSU_2025,NCAAB,Colorado State Rams,MWC,N/A,#1E4D2B,#FFC72C,2024-25,No Odds,,0,0.0
NCAAB_COLUM_2025,NCAAB,Columbia Lions,Ivy,N/A,#003366,#FFFFFF,2024-25,No Odds,,0,0.0
NCAAB_COPP_2025,NCAAB,Coppin State Eagles,MEAC,N/A,#003366,#FFFFFF,2024-25,No Odds,,0,0.0
NCAAB_COR_2025,NCAAB,Cornell Big Red,Ivy,N/A,#B31B1B,#FFFFFF,2024-25,No Odds,,0,0.0
NCAAB_CRE_2025,NCAAB,Creighton Bluejays,Big East,N/A,#003366,#FFFFFF,2024-25,24667,,0,0.4
NCAAB_DART_2025,NCAAB,Dartmouth Big Green,Ivy,N/A,#003366,#FFFFFF,2024-25,No Odds,,0,0.0
NCAAB_DAV_2025,NCAAB,Davidson Wildcats,A-10,N/A,#003366,#FFFFFF,2024-25,No Odds,,0,0.0
NCAAB_DELST_2025,NCAAB,Delaware State Hornets,MEAC,N/A,#003366,#FFFFFF,2024-25,No Odds,,0,0.0
NCAAB_DEP_2025,NCAAB,DePaul Blue Demons,Big East,N/A,#003366,#FFFFFF,2024-25,No Odds,,0,0.0
NCAAB_DRAKE_2025,NCAAB,Drake Bulldogs,MVC,N/A,#003366,#FFFFFF,2024-25,61667,,0,0.2
NCAAB_DREX_2025,NCAAB,Drexel Dragons,CAA,N/A,#003366,#FFFFFF,2024-25,No Odds,,1,0.0
NCAAB_DUKE_2025,NCAAB,Duke Blue Devils,ACC,N/A,#001A57,#FFFFFF,2024-25,298,,0,25.2
NCAAB_DUQ_2025,NCAAB,Duquesne Dukes,A-10,N/A,#003366,#FFFFFF,2024-25,No Odds,,0,0.0
NCAAB_ECU_2025,NCAAB,East Carolina Pirates,AAC,N/A,#592A8A,#FEC923,2024-25,No Odds,,0,0.0
NCAAB_ETSU_2025,NCAAB,East Tennessee State Buccaneers,SoCon,N/A,#003366,#FFFFFF,2024-25,No Odds,,0,0.0
NCAAB_EIU_2025,NCAAB,Eastern Illinois Panthers,OVC,N/A,#003366,#FFFFFF,2024-25,No Odds,,0,0.0
NCAAB_EKU_2025,NCAAB,Eastern Kentucky Colonels,ASUN,N/A,#003366,#FFFFFF,2024-25,No Odds,,0,0.0
NCAAB_EMU_2025,NCAAB,Eastern Michigan Eagles,MAC,N/A,#046A38,#FFFFFF,2024-25,No Odds,,0,0.0
NCAAB_EWU_2025,NCAAB,Eastern Washington Eagles,Big Sky,N/A,#003366,#FFFFFF,2024-25,No Odds,,0,0.0
NCAAB_ELON_2025,NCAAB,Elon Phoenix,CAA,N/A,#003366,#FFFFFF,2024-25,No Odds,,0,0.0
NCAAB_FAIR_2025,NCAAB,Fairfield Stags,MAAC,N/A,#003366,#FFFFFF,2024-25,No Odds,,0,0.0
NCAAB_FDU_2025,NCAAB,Fairleigh Dickinson Knights,NEC,N/A,#003366,#FFFFFF,2024-25,No Odds,,0,0.0
NCAAB_FAMU_2025,NCAAB,Florida A&M Rattlers,SWAC,N/A,#8C1D40,#FFFFFF,2024-25,No Odds,,0,0.0
NCAAB_FAU_2025,NCAAB,Florida Atlantic Owls,AAC,N/A,#004B8D,#D21034,2024-25,No Odds,,0,0.0
NCAAB_FGCU_2025,NCAAB,FGCU Eagles,ASUN,N/A,#003366,#00788C,2024-25,No Odds,,0,0.0
NCAAB_FIU_2025,NCAAB,FIU Panthers,USA,N/A,#003366,#CC0033,2024-25,No Odds,,0,0.0
NCAAB_FSU_2025,NCAAB,Florida State Seminoles,ACC,N/A,#782F40,#CEB888,2024-25,No Odds,,0,0.0
NCAAB_FORD_2025,NCAAB,Fordham Rams,A-10,N/A,#8C1D40,#FFFFFF,2024-25,No Odds,,0,0.0
NCAAB_FUR_2025,NCAAB,Furman Paladins,SoCon,N/A,#500000,#FFFFFF,2024-25,No Odds,,0,0.0
NCAAB_GWU_2025,NCAAB,Gardner-Webb Runnin' Bulldogs,Big South,N/A,#8C1D40,#FFFFFF,2024-25,No Odds,,0,0.0
NCAAB_GMU_2025,NCAAB,George Mason Patriots,A-10,N/A,#006633,#FFCC33,2024-25,No Odds,,0,0.0
NCAAB_GW_2025,NCAAB,George Washington Colonials,A-10,N/A,#003366,#FFFFFF,2024-25,No Odds,,0,0.0
NCAAB_GTWN_2025,NCAAB,Georgetown Hoyas,Big East,N/A,#004B8D,#808080,2024-25,No Odds,,0,0.0
NCAAB_GASO_2025,NCAAB,Georgia Southern Eagles,Sun Belt,N/A,#003366,#FFFFFF,2024-25,No Odds,,0,0.0
NCAAB_GSU_2025,NCAAB,Georgia State Panthers,Sun Belt,N/A,#0039A6,#FFFFFF,2024-25,No Odds,,0,0.0
NCAAB_GT_2025,NCAAB,Georgia Tech Yellow Jackets,ACC,N/A,#00263A,#B3A369,2024-25,No Odds,,0,0.0
NCAAB_GONZ_2025,NCAAB,Gonzaga Bulldogs,WCC,N/A,#041E42,#FFFFFF,2024-25,4717,,0,2.1
NCAAB_GRAM_2025,NCAAB,Grambling State Tigers,SWAC,N/A,#8C1D40,#FFFFFF,2024-25,No Odds,,0,0.0
NCAAB_GCU_2025,NCAAB,Grand Canyon Lopes,WAC,N/A,#003366,#FFFFFF,2024-25,No Odds,,0,0.0
NCAAB_HAMP_2025,NCAAB,Hampton Pirates,CAA,N/A,#8C1D40,#FFFFFF,2024-25,No Odds,,0,0.0
NCAAB_HARV_2025,NCAAB,Harvard Crimson,Ivy,N/A,#A41034,#FFFFFF,2024-25,No Odds,,0,0.0
NCAAB_HPU_2025,NCAAB,High Point Panthers,Big South,N/A,#003366,#FFFFFF,2024-25,No Odds,,0,0.0
NCAAB_HOF_2025,NCAAB,Hofstra Pride,CAA,N/A,#003366,#FFFFFF,2024-25,No Odds,,0,0.0
NCAAB_HCU_2025,NCAAB,Houston Christian Huskies,Southland,N/A,#003366,#FFFFFF,2024-25,No Odds,,0,0.0
NCAAB_HOW_2025,NCAAB,Howard Bison,MEAC,N/A,#8C1D40,#FFFFFF,2024-25,No Odds,,0,0.0
NCAAB_IDST_2025,NCAAB,Idaho State Bengals,Big Sky,N/A,#8C1D40,#FFFFFF,2024-25,No Odds,,0,0.0
NCAAB_ILST_2025,NCAAB,Illinois State Redbirds,MVC,N/A,#8C1D40,#FFFFFF,2024-25,No Odds,,0,0.0
NCAAB_INDST_2025,NCAAB,Indiana State Sycamores,MVC,N/A,#8C1D40,#FFFFFF,2024-25,No Odds,,0,0.0
NCAAB_IU_2025,NCAAB,Indiana Hoosiers,B10,N/A,#990000,#FFFFFF,2024-25,No Odds,,0,0.0
NCAAB_IUPUI_2025,NCAAB,IUPUI Jaguars,Horizon,N/A,#8C1D40,#FFFFFF,2024-25,No Odds,,0,0.0
NCAAB_IONA_2025,NCAAB,Iona Gaels,MAAC,N/A,#8C1D40,#FFFFFF,2024-25,No Odds,,0,0.0
NCAAB_ISU_2025,NCAAB,Iowa State Cyclones,B12,N/A,#C8102E,#F1BE48,2024-25,3783,,0,2.6
NCAAB_JSU_2025,NCAAB,Jackson State Tigers,SWAC,N/A,#8C1D40,#FFFFFF,2024-25,No Odds,,0,0.0
NCAAB_JAXST_2025,NCAAB,Jacksonville State Gamecocks,USA,N/A,#8C1D40,#FFFFFF,2024-25,No Odds,,0,0.0
NCAAB_JAX_2025,NCAAB,Jacksonville Dolphins,ASUN,N/A,#8C1D40,#FFFFFF,2024-25,No Odds,,0,0.0
NCAAB_JMU_2025,NCAAB,James Madison Dukes,Sun Belt,N/A,#4B0055,#FFC72C,2024-25,No Odds,,0,0.0
NCAAB_KSU_2025,NCAAB,Kansas State Wildcats,B12,N/A,#512888,#FFFFFF,2024-25,No Odds,,0,0.0
NCAAB_KENN_2025,NCAAB,Kennesaw State Owls,USA,N/A,#000000,#FFC72C,2024-25,No Odds,,0,0.0
NCAAB_KENT_2025,NCAAB,Kent State Golden Flashes,MAC,N/A,#002855,#FFC72C,2024-25,No Odds,,0,0.0
NCAAB_LAS_2025,NCAAB,La Salle Explorers,A-10,N/A,#8C1D40,#FFFFFF,2024-25,No Odds,,0,0.0
NCAAB_LAF_2025,NCAAB,Lafayette Leopards,Patriot,N/A,#8C1D40,#FFFFFF,2024-25,No Odds,,0,0.0
NCAAB_LAM_2025,NCAAB,Lamar Cardinals,Southland,N/A,#8C1D40,#FFFFFF,2024-25,No Odds,,0,0.0
NCAAB_LEH_2025,NCAAB,Lehigh Mountain Hawks,Patriot,N/A,#8C1D40,#FFFFFF,2024-25,No Odds,,0,0.0
NCAAB_LEM_2025,NCAAB,Le Moyne Dolphins,NEC,N/A,#8C1D40,#FFFFFF,2024-25,No Odds,,0,0.0
NCAAB_LIB_2025,NCAAB,Liberty Flames,USA,N/A,#002D62,#B38E5D,2024-25,91667,,0,0.1
NCAAB_LIND_2025,NCAAB,Lindenwood Lions,OVC,N/A,#8C1D40,#FFFFFF,2024-25,No Odds,,0,0.0
NCAAB_LIP_2025,NCAAB,Lipscomb Bisons,ASUN,N/A,#8C1D40,#FFFFFF,2024-25,No Odds,,0,0.0
NCAAB_LIU_2025,NCAAB,LIU Sharks,NEC,N/A,#8C1D40,#FFFFFF,2024-25,No Odds,,0,0.0
NCAAB_LONG_2025,NCAAB,Longwood Lancers,Big South,N/A,#8C1D40,#FFFFFF,2024-25,No Odds,,0,0.0
NCAAB_LSU_2025,NCAAB,LSU Tigers,SEC,N/A,#461D7C,#FDD023,2024-25,No Odds,,0,0.0
NCAAB_LATECH_2025,NCAAB,Louisiana Tech Bulldogs,USA,N/A,#E31C3D,#FFFFFF,2024-25,No Odds,,0,0.0
NCAAB_LMU_2025,NCAAB,Loyola Marymount Lions,WCC,N/A,#8C1D40,#FFFFFF,2024-25,No Odds,,0,0.0
NCAAB_LUC_2025,NCAAB,Loyola Chicago Ramblers,A-10,N/A,#8C1D40,#FFFFFF,2024-25,No Odds,,0,0.0
NCAAB_LUM_2025,NCAAB,Loyola Maryland Greyhounds,Patriot,N/A,#8C1D40,#FFFFFF,2024-25,No Odds,,0,0.0
NCAAB_MAN_2025,NCAAB,Manhattan Jaspers,MAAC,N/A,#8C1D40,#FFFFFF,2024-25,No Odds,,0,0.0
NCAAB_MAR_2025,NCAAB,Marist Red Foxes,MAAC,N/A,#8C1D40,#FFFFFF,2024-25,No Odds,,0,0.0
NCAAB_MARQ_2025,NCAAB,Marquette Golden Eagles,Big East,N/A,#003366,#FFFFFF,2024-25,17250,,0,0.6
NCAAB_MARSH_2025,NCAAB,Marshall Thundering Herd,Sun Belt,N/A,#006747,#FFFFFF,2024-25,No Odds,,0,0.0
NCAAB_MCN_2025,NCAAB,McNeese State Cowboys,Southland,N/A,#8C1D40,#FFFFFF,2024-25,No Odds,,0,0.0
NCAAB_MERC_2025,NCAAB,Mercer Bears,SoCon,N/A,#8C1D40,#FFFFFF,2024-25,No Odds,,0,0.0
NCAAB_MER_2025,NCAAB,Mercyhurst Lakers,NEC,N/A,#8C1D40,#FFFFFF,2024-25,No Odds,,0,0.0
NCAAB_MERR_2025,NCAAB,Merrimack Warriors,MAAC,N/A,#8C1D40,#FFFFFF,2024-25,No Odds,,0,0.0
NCAAB_MIAOH_2025,NCAAB,Miami (Ohio) RedHawks,MAC,N/A,#C8102E,#FFFFFF,2024-25,No Odds,,0,0.0
NCAAB_MSU_2025,NCAAB,Michigan State Spartans,B10,N/A,#18453B,#FFFFFF,2024-25,2483,,0,3.9
NCAAB_MTSU_2025,NCAAB,Middle Tennessee Blue Raiders,USA,N/A,#003366,#FFFFFF,2024-25,No Odds,,0,0.0
NCAAB_MISSST_2025,NCAAB,Mississippi State Bulldogs,SEC,N/A,#660000,#FFFFFF,2024-25,24333,,0,0.4
NCAAB_MVSU_2025,NCAAB,Mississippi Valley State Delta Devils,SWAC,N/A,#8C1D40,#FFFFFF,2024-25,No Odds,,0,0.0
NCAAB_MOST_2025,NCAAB,Missouri State Bears,MVC,N/A,#8C1D40,#FFFFFF,2024-25,No Odds,,0,0.0
NCAAB_MONM_2025,NCAAB,Monmouth Hawks,CAA,N/A,#8C1D40,#FFFFFF,2024-25,No Odds,,0,0.0
NCAAB_MT_2025,NCAAB,Montana State Bobcats,Big Sky,N/A,#8C1D40,#FFFFFF,2024-25,No Odds,,0,0.0
NCAAB_MORE_2025,NCAAB,Morehead State Eagles,OVC,N/A,#8C1D40,#FFFFFF,2024-25,No Odds,,0,0.0
NCAAB_MORG_2025,NCAAB,Morgan State Bears,MEAC,N/A,#8C1D40,#FFFFFF,2024-25,No Odds,,0,0.0
NCAAB_MSM_2025,NCAAB,Mount St. Mary's Mountaineers,MAAC,N/A,#8C1D40,#FFFFFF,2024-25,No Odds,,0,0.0
NCAAB_MUR_2025,NCAAB,Murray State Racers,MVC,N/A,#8C1D40,#FFFFFF,2024-25,No Odds,,0,0.0
NCAAB_NJIT_2025,NCAAB,NJIT Highlanders,America East,N/A,#8C1D40,#FFFFFF,2024-25,No Odds,,0,0.0
NCAAB_NMSU_2025,NCAAB,New Mexico State Aggies,USA,N/A,#8C1D40,#FFFFFF,2024-25,No Odds,,0,0.0
NCAAB_NIA_2025,NCAAB,Niagara Purple Eagles,MAAC,N/A,#8C1D40,#FFFFFF,2024-25,No Odds,,0,0.0
NCAAB_NICH_2025,NCAAB,Nicholls State Colonels,Southland,N/A,#8C1D40,#FFFFFF,2024-25,No Odds,,0,0.0
NCAAB_NORF_2025,NCAAB,Norfolk State Spartans,MEAC,N/A,#8C1D40,#FFFFFF,2024-25,No Odds,,0,0.0
NCAAB_NCAT_2025,NCAAB,North Carolina A&T Aggies,CAA,N/A,#8C1D40,#FFFFFF,2024-25,No Odds,,0,0.0
NCAAB_NCCU_2025,NCAAB,North Carolina Central Eagles,MEAC,N/A,#8C1D40,#FFFFFF,2024-25,No Odds,,0,0.0
NCAAB_NCST_2025,NCAAB,NC State Wolfpack,ACC,N/A,#CC0000,#000000,2024-25,No Odds,,3,0.0
NCAAB_NDSU_2025,NCAAB,North Dakota State Bison,Summit,N/A,#8C1D40,#FFFFFF,2024-25,No Odds,,0,0.0
NCAAB_NE_2025,NCAAB,Northeastern Huskies,CAA,N/A,#8C1D40,#FFFFFF,2024-25,No Odds,,0,0.0
NCAAB_NAU_2025,NCAAB,Northern Arizona Lumberjacks,Big Sky,N/A,#8C1D40,#FFFFFF,2024-25,No Odds,,0,0.0
NCAAB_NIU_2025,NCAAB,Northern Illinois Huskies,MAC,N/A,#C8102E,#FFFFFF,2024-25,No Odds,,0,0.0
NCAAB_NKU_2025,NCAAB,Northern Kentucky Norse,Horizon,N/A,#8C1D40,#FFFFFF,2024-25,No Odds,,0,0.0
NCAAB_NWST_2025,NCAAB,Northwestern State Demons,Southland,N/A,#8C1D40,#FFFFFF,2024-25,No Odds,,0,0.0
NCAAB_NW_2025,NCAAB,Northwestern Wildcats,B10,N/A,#4E2A84,#FFFFFF,2024-25,No Odds,,0,0.0
NCAAB_OAK_2025,NCAAB,Oakland Golden Grizzlies,Horizon,N/A,#8C1D40,#FFFFFF,2024-25,No Odds,,0,0.0
NCAAB_OSU_2025,NCAAB,Ohio State Buckeyes,B10,N/A,#BB0000,#666666,2024-25,No Odds,,0,0.0
NCAAB_OHIO_2025,NCAAB,Ohio Bobcats,MAC,N/A,#004B8D,#FFFFFF,2024-25,No Odds,,0,0.0
NCAAB_OKST_2025,NCAAB,Oklahoma State Cowboys,B12,N/A,#FF7300,#000000,2024-25,No Odds,,0,0.0
NCAAB_ODU_2025,NCAAB,Old Dominion Monarchs,Sun Belt,N/A,#00507D,#FFFFFF,2024-25,No Odds,,0,0.0
NCAAB_ORU_2025,NCAAB,Oral Roberts Golden Eagles,Summit,N/A,#8C1D40,#FFFFFF,2024-25,No Odds,,0,0.0
NCAAB_ORST_2025,NCAAB,Oregon State Beavers,WCC,N/A,#DC4405,#000000,2024-25,No Odds,,0,0.0
NCAAB_PSU_2025,NCAAB,Penn State Nittany Lions,B10,N/A,#041E42,#FFFFFF,2024-25,No Odds,,0,0.0
NCAAB_PEP_2025,NCAAB,Pepperdine Waves,WCC,N/A,#8C1D40,#FFFFFF,2024-25,No Odds,,0,0.0
NCAAB_PORS_2025,NCAAB,Portland State Vikings,Big Sky,N/A,#8C1D40,#FFFFFF,2024-25,No Odds,,0,0.0
NCAAB_PVAMU_2025,NCAAB,Prairie View A&M Panthers,SWAC,N/A,#8C1D40,#FFFFFF,2024-25,No Odds,,0,0.0
NCAAB_PRES_2025,NCAAB,Presbyterian Blue Hose,Big South,N/A,#8C1D40,#FFFFFF,2024-25,No Odds,,0,0.0
NCAAB_PRIN_2025,NCAAB,Princeton Tigers,Ivy,N/A,#8C1D40,#FFFFFF,2024-25,No Odds,,0,0.0
NCAAB_PROV_2025,NCAAB,Providence Friars,Big East,N/A,#8C1D40,#FFFFFF,2024-25,No Odds,,0,0.0
NCAAB_PUR_2025,NCAAB,Purdue Boilermakers,B10,N/A,#CEB888,#000000,2024-25,10833,,6,0.9
NCAAB_PFW_2025,NCAAB,Purdue Fort Wayne Mastodons,Horizon,N/A,#8C1D40,#FFFFFF,2024-25,No Odds,,0,0.0
NCAAB_QUEENS_2025,NCAAB,Queens Charlotte Royals,ASUN,N/A,#8C1D40,#FFFFFF,2024-25,No Odds,,0,0.0
NCAAB_QUIN_2025,NCAAB,Quinnipiac Bobcats,MAAC,N/A,#8C1D40,,2024-25,No Odds,,0,0.0
NCAAB_RAD_2025,NCAAB,Radford Highlanders,Big South,N/A,#CC0033,#000000,2024-25,No Odds,,0,0.0
NCAAB_RICE_2025,NCAAB,Rice Owls,AAC,N/A,#003366,#FFFFFF,2024-25,No Odds,,0,0.0
NCAAB_RIDER_2025,NCAAB,Rider Broncs,MAAC,N/A,#CC0033,#FFFFFF,2024-25,No Odds,,0,0.0
NCAAB_RMU_2025,NCAAB,Robert Morris Colonials,Horizon,N/A,#003366,#FFFFFF,2024-25,No Odds,,0,0.0
NCAAB_RUTG_2025,NCAAB,Rutgers Scarlet Knights,B10,N/A,#CC0033,#000000,2024-25,No Odds,,0,0.0
NCAAB_SHU_2025,NCAAB,Sacred Heart Pioneers,MAAC,N/A,#CC0033,#FFFFFF,2024-25,No Odds,,0,0.0
NCAAB_STF_2025,NCAAB,Saint Francis Red Flash,NEC,N/A,#CC0033,#FFFFFF,2024-25,No Odds,,0,0.0
NCAAB_SJO_2025,NCAAB,Saint Joseph's Hawks,A-10,N/A,#CC0033,#FFFFFF,2024-25,No Odds,,0,0.0
NCAAB_SLU_2025,NCAAB,Saint Louis Billikens,A-10,N/A,#003366,#FFFFFF,2024-25,No Odds,,0,0.0
NCAAB_SMC_2025,NCAAB,Saint Mary's Gaels,WCC,N/A,#CC0033,#FFFFFF,2024-25,12750,,0,0.8
NCAAB_SPU_2025,NCAAB,Saint Peter's Peacocks,MAAC,N/A,#CC0033,#FFFFFF,2024-25,No Odds,,0,0.0
NCAAB_SHSU_2025,NCAAB,Sam Houston Bearkats,USA,N/A,#F56600,#000000,2024-25,No Odds,,0,0.0
NCAAB_SAM_2025,NCAAB,Samford Bulldogs,SoCon,N/A,#003366,#FFFFFF,2024-25,No Odds,,0,0.0
NCAAB_SDSU_2025,NCAAB,San Diego State Aztecs,MWC,N/A,#BF2C37,#000000,2024-25,No Odds,,0,0.0
NCAAB_SJSU_2025,NCAAB,San Jose State Spartans,MWC,N/A,#00529B,#FFFFFF,2024-25,No Odds,,0,0.0
NCAAB_SCU_2025,NCAAB,Santa Clara Broncos,WCC,N/A,#CC0033,#FFFFFF,2024-25,No Odds,,0,0.0
NCAAB_SEA_2025,NCAAB,Seattle Redhawks,WAC,N/A,#CC0033,#FFFFFF,2024-25,No Odds,,0,0.0
NCAAB_SETON_2025,NCAAB,Seton Hall Pirates,Big East,N/A,#004488,#FFFFFF,2024-25,No Odds,,0,0.0
NCAAB_SIENA_2025,NCAAB,Siena Saints,MAAC,N/A,#CC0033,#FFFFFF,2024-25,No Odds,,0,0.0
NCAAB_SCSU_2025,NCAAB,South Carolina State Bulldogs,MEAC,N/A,#CC0033,#FFFFFF,2024-25,No Odds,,0,0.0
NCAAB_SDS_2025,NCAAB,South Dakota State Jackrabbits,Summit,N/A,#003366,#FFFFFF,2024-25,No Odds,,0,0.0
NCAAB_SEMO_2025,NCAAB,SE Missouri State Redhawks,OVC,N/A,#CC0033,#FFFFFF,2024-25,No Odds,,0,0.0
NCAAB_SELA_2025,NCAAB,SE Louisiana Lions,Southland,N/A,#CC0033,#FFFFFF,2024-25,No Odds,,0,0.0
NCAAB_SIU_2025,NCAAB,Southern Illinois Salukis,MVC,N/A,#CC0033,#FFFFFF,2024-25,No Odds,,0,0.0
NCAAB_SIUE_2025,NCAAB,SIU Edwardsville Cougars,OVC,N/A,#CC0033,#FFFFFF,2024-25,No Odds,,0,0.0
NCAAB_SMU_2025,NCAAB,SMU Mustangs,AAC,N/A,#CC0033,#FFFFFF,2024-25,No Odds,,0,0.0
NCAAB_SUBR_2025,NCAAB,Southern Jaguars,SWAC,N/A,#CC0033,#FFFFFF,2024-25,No Odds,,0,0.0
NCAAB_SUU_2025,NCAAB,Southern Utah Thunderbirds,WAC,N/A,#CC0033,#FFFFFF,2024-25,No Odds,,0,0.0
NCAAB_SBON_2025,NCAAB,St. Bonaventure Bonnies,A-10,N/A,#CC0033,#FFFFFF,2024-25,No Odds,,0,0.0
NCAAB_SFC_2025,NCAAB,St. Francis Brooklyn Terriers,NEC,N/A,#CC0033,#FFFFFF,2024-25,No Odds,,0,0.0
NCAAB_SJU_2025,NCAAB,St. John's Red Storm,Big East,N/A,#CC0033,#FFFFFF,2024-25,2660,,0,3.6
NCAAB_STAN_2025,NCAAB,Stanford Cardinal,AAC,N/A,#8C1515,#FFFFFF,2024-25,No Odds,,0,0.0
NCAAB_SFA_2025,NCAAB,Stephen F. Austin Lumberjacks,Southland,N/A,#CC0033,#FFFFFF,2024-25,No Odds,,0,0.0
NCAAB_STET_2025,NCAAB,Stetson Hatters,ASUN,N/A,#CC0033,#FFFFFF,2024-25,No Odds,,0,0.0
NCAAB_STONE_2025,NCAAB,Stonehill Skyhawks,NEC,N/A,#CC0033,#FFFFFF,2024-25,No Odds,,0,0.0
NCAAB_BING_2025,NCAAB,Binghamton Bearcats,America East,N/A,#CC0033,#FFFFFF,2024-25,No Odds,,0,0.0
NCAAB_SBU_2025,NCAAB,Stony Brook Seawolves,CAA,N/A,#CC0033,#FFFFFF,2024-25,No Odds,,0,0.0
NCAAB_UALB_2025,NCAAB,Albany Great Danes,America East,N/A,#CC0033,#FFFFFF,2024-25,No Odds,,0,0.0
NCAAB_UB_2025,NCAAB,Buffalo Bulls,MAC,N/A,#0057B7,#FFD700,2024-25,No Odds,,0,0.0
NCAAB_SYR_2025,NCAAB,Syracuse Orange,ACC,N/A,#D44500,#FFFFFF,2024-25,No Odds,,0,0.0
NCAAB_TAR_2025,NCAAB,Tarleton State Texans,WAC,N/A,#CC0033,#FFFFFF,2024-25,No Odds,,0,0.0
NCAAB_TEMP_2025,NCAAB,Temple Owls,AAC,N/A,#A41E35,#FFFFFF,2024-25,No Odds,,0,0.0
NCAAB_TTU_2025,NCAAB,Tennessee Tech Golden Eagles,OVC,N/A,#CC0033,#FFFFFF,2024-25,No Odds,,0,0.0
NCAAB_TAMU_2025,NCAAB,Texas A&M Aggies,SEC,N/A,#500000,#FFFFFF,2024-25,10100,,0,1.0
NCAAB_TAMUC_2025,NCAAB,Texas A&M Commerce Lions,Southland,N/A,#CC0033,#FFFFFF,2024-25,No Odds,,0,0.0
NCAAB_TAMUCC_2025,NCAAB,Texas A&M Corpus Christi Islanders,Southland,N/A,#CC0033,#FFFFFF,2024-25,No Odds,,0,0.0
NCAAB_TCU_2025,NCAAB,TCU Horned Frogs,B12,N/A,#4D1979,#FFFFFF,2024-25,No Odds,,0,0.0
NCAAB_TSU_2025,NCAAB,Texas Southern Tigers,SWAC,N/A,#CC0033,#FFFFFF,2024-25,No Odds,,0,0.0
NCAAB_TXST_2025,NCAAB,Texas State Bobcats,Sun Belt,N/A,#501214,#FFFFFF,2024-25,No Odds,,0,0.0
NCAAB_TTECH_2025,NCAAB,Texas Tech Red Raiders,OVC,N/A,#CC0000,#000000,2024-25,3100,,0,3.1
NCAAB_CIT_2025,NCAAB,The Citadel Bulldogs,SoCon,N/A,#CC0033,#FFFFFF,2024-25,No Odds,,0,0.0
NCAAB_TOW_2025,NCAAB,Towson Tigers,CAA,N/A,#CC0033,#FFFFFF,2024-25,No Odds,,0,0.0
NCAAB_TROY_2025,NCAAB,Troy Trojans,Sun Belt,N/A,#8C1D40,#FFFFFF,2024-25,No Odds,,0,0.0
NCAAB_TULN_2025,NCAAB,Tulane Green Wave,AAC,N/A,#005837,#FFFFFF,2024-25,No Odds,,0,0.0
NCAAB_AFA_2025,NCAAB,Air Force Falcons,MWC,N/A,#003366,#FFFFFF,2024-25,No Odds,,0,0.0
NCAAB_ARMY_2025,NCAAB,Army Black Knights,Patriot,N/A,#000000,#D3D3D3,2024-25,No Odds,,0,0.0
NCAAB_NAVY_2025,NCAAB,Navy Midshipmen,Patriot,N/A,#00205B,#FFFFFF,2024-25,No Odds,,0,0.0
NCAAB_AKR_2025,NCAAB,Akron Zips,MAC,N/A,#002855,#FFC72C,2024-25,No Odds,,0,0.0
NCAAB_ALA_2025,NCAAB,Alabama Crimson Tide,SEC,N/A,#9E1B32,#FFFFFF,2024-25,1950,,3,4.9
NCAAB_UAB_2025,NCAAB,UAB Blazers,AAC,N/A,#003366,#FFC72C,2024-25,No Odds,,0,0.0
NCAAB_ARI_2025,NCAAB,Arizona Wildcats,B12,N/A,#00205B,#CC0033,2024-25,4533,,0,2.2
NCAAB_ARK_2025,NCAAB,Arkansas Razorbacks,SEC,N/A,#9D2235,#FFFFFF,2024-25,32500,,0,0.3
NCAAB_LR_2025,NCAAB,Little Rock Trojans,OVC,N/A,#CC0033,#FFFFFF,2024-25,No Odds,,0,0.0
NCAAB_UAPB_2025,NCAAB,Arkansas-Pine Bluff Golden Lions,SWAC,N/A,#CC0033,#FFFFFF,2024-25,No Odds,,0,0.0
NCAAB_CAL_2025,NCAAB,Cal Golden Bears,Pac-12,N/A,#003262,#C4820E,2024-25,No Odds,,0,0.0
NCAAB_UCD_2025,NCAAB,UC Davis Aggies,Big West,N/A,#CC0033,#FFFFFF,2024-25,No Odds,,0,0.0
NCAAB_UCI_2025,NCAAB,UC Irvine Anteaters,Big West,N/A,#CC0033,#FFFFFF,2024-25,No Odds,,0,0.0
NCAAB_UCLA_2025,NCAAB,UCLA Bruins,B10,N/A,#536895,#FFB81C,2024-25,16833,,0,0.6
NCAAB_UCR_2025,NCAAB,UC Riverside Highlanders,Big West,N/A,#CC0033,#FFFFFF,2024-25,No Odds,,0,0.0
NCAAB_UCSD_2025,NCAAB,UC San Diego Tritons,Big West,N/A,#CC0033,#FFFFFF,2024-25,No Odds,,0,0.0
NCAAB_UCSB_2025,NCAAB,UC Santa Barbara Gauchos,Big West,N/A,#CC0033,#FFFFFF,2024-25,No Odds,,0,0.0
NCAAB_UCA_2025,NCAAB,Central Arkansas Bears,ASUN,N/A,#CC0033,#FFFFFF,2024-25,No Odds,,0,0.0
NCAAB_UCF_2025,NCAAB,UCF Knights,B12,N/A,#000000,#FFC904,2024-25,No Odds,,0,0.0
NCAAB_CIN_2025,NCAAB,Cincinnati Bearcats,B12,N/A,#E00122,#000000,2024-25,No Odds,,0,0.0
NCAAB_COLO_2025,NCAAB,Colorado Buffaloes,B12,N/A,#CFB87C,#000000,2024-25,No Odds,,0,0.0
NCAAB_UConn_2025,NCAAB,UConn Huskies,Big East,N/A,#000E2F,#FFFFFF,2024-25,10417,,10,1.0
NCAAB_UD_2025,NCAAB,Dayton Flyers,A-10,N/A,#CC0033,#FFFFFF,2024-25,No Odds,,0,0.0
NCAAB_UDEL_2025,NCAAB,Delaware Blue Hens,CAA,N/A,#CC0033,#FFFFFF,2024-25,No Odds,,0,0.0
NCAAB_DEN_2025,NCAAB,Denver Pioneers,Summit,N/A,#CC0033,#FFFFFF,2024-25,No Odds,,0,0.0
NCAAB_UDM_2025,NCAAB,Detroit Mercy Titans,Horizon,N/A,#CC0033,#FFFFFF,2024-25,No Odds,,0,0.0
NCAAB_UE_2025,NCAAB,Evansville Purple Aces,MVC,N/A,#CC0033,#FFFFFF,2024-25,No Odds,,0,0.0
NCAAB_UF_2025,NCAAB,Florida Gators,SEC,N/A,#0021A5,#FA4616,2024-25,339,,0,22.8
NCAAB_UGA_2025,NCAAB,Georgia Bulldogs,SEC,N/A,#BA0C2F,#000000,2024-25,50833,,0,0.2
NCAAB_UH_2025,NCAAB,Hawaii Rainbow Warriors,Big West,N/A,#024731,#FFFFFF,2024-25,No Odds,,0,0.0
NCAAB_UHOU_2025,NCAAB,Houston Cougars,B12,N/A,#C8102E,#FFFFFF,2024-25,617,,0,14.0
NCAAB_ID_2025,NCAAB,Idaho Vandals,Big Sky,N/A,#CC0033,#FFFFFF,2024-25,No Odds,,0,0.0
NCAAB_ILL_2025,NCAAB,Illinois Fighting Illini,B10,N/A,#13294B,#FFC72C,2024-25,7533,,1,1.3
NCAAB_UIC_2025,NCAAB,UIC Flames,MVC,N/A,#CC0033,#FFFFFF,2024-25,No Odds,,0,0.0
NCAAB_IOWA_2025,NCAAB,Iowa Hawkeyes,B10,N/A,#000000,#FFC72C,2024-25,No Odds,,0,0.0
NCAAB_KU_2025,NCAAB,Kansas Jayhawks,B12,N/A,#0051BA,#FFC72C,2024-25,10500,,0,0.9
NCAAB_UK_2025,NCAAB,Kentucky Wildcats,SEC,N/A,#0033A0,#FFFFFF,2024-25,6367,,0,1.5
NCAAB_ULL_2025,NCAAB,Louisiana Ragin' Cajuns,Sun Belt,N/A,#CC0033,#FFFFFF,2024-25,No Odds,,0,0.0
NCAAB_ULM_2025,NCAAB,UL Monroe Warhawks,Sun Belt,N/A,#8C1D40,#FFFFFF,2024-25,No Odds,,0,0.0
NCAAB_LOU_2025,NCAAB,Louisville Cardinals,ACC,N/A,#AD0000,#000000,2024-25,11250,,0,0.9
NCAAB_MAINE_2025,NCAAB,Maine Black Bears,America East,N/A,#CC0033,#FFFFFF,2024-25,No Odds,,0,0.0
NCAAB_MD_2025,NCAAB,Maryland Terrapins,B10,N/A,#E03A3E,#FFFFFF,2024-25,5500,,0,1.8
NCAAB_UMBC_2025,NCAAB,UMBC Retrievers,America East,N/A,#CC0033,#FFFFFF,2024-25,No Odds,,0,0.0
NCAAB_UMES_2025,NCAAB,UMES Hawks,MEAC,N/A,#CC0033,#FFFFFF,2024-25,No Odds,,0,0.0
NCAAB_UMASS_2025,NCAAB,UMass Minutemen,A-10,N/A,#881C1C,#FFFFFF,2024-25,No Odds,,0,0.0
NCAAB_UMASSL_2025,NCAAB,UMass Lowell River Hawks,America East,N/A,#CC0033,#FFFFFF,2024-25,No Odds,,0,0.0
NCAAB_MEM_2025,NCAAB,Memphis Tigers,AAC,N/A,#003366,#FFFFFF,2024-25,30000,,0,0.3
NCAAB_MIA_2025,NCAAB,Miami Hurricanes,ACC,N/A,#004325,#F47321,2024-25,No Odds,,0,0.0
NCAAB_MICH_2025,NCAAB,Michigan Wolverines,B10,N/A,#00274C,#FFCB05,2024-25,10583,,0,0.9
NCAAB_MINN_2025,NCAAB,Minnesota Golden Gophers,B10,N/A,#7A0019,#FFCC33,2024-25,No Odds,,0,0.0
NCAAB_MISS_2025,NCAAB,Ole Miss Rebels,SEC,N/A,#002147,#FFFFFF,2024-25,14583,,0,0.7
NCAAB_MIZZ_2025,NCAAB,Missouri Tigers,SEC,N/A,#000000,#F1B82D,2024-25,9417,,0,1.1
NCAAB_UMKC_2025,NCAAB,UMKC Roos,Summit,N/A,#002855,#FFC72C,2024-25,No Odds,,0,0.0
NCAAB_UMT_2025,NCAAB,Montana Grizzlies,Big Sky,N/A,#003366,#FFFFFF,2024-25,No Odds,,0,0.0
NCAAB_NEB_2025,NCAAB,Nebraska Cornhuskers,B10,N/A,#E41C38,#FFFFFF,2024-25,No Odds,,0,0.0
NCAAB_OMAHA_2025,NCAAB,Omaha Mavericks,Summit,N/A,#CC0033,#FFFFFF,2024-25,No Odds,,0,0.0
NCAAB_UNLV_2025,NCAAB,UNLV Rebels,MWC,N/A,#C41230,#000000,2024-25,No Odds,,0,0.0
NCAAB_NEV_2025,NCAAB,Nevada Wolf Pack,MWC,N/A,#003366,#FFFFFF,2024-25,No Odds,,0,0.0
NCAAB_UNH_2025,NCAAB,New Hampshire Wildcats,America East,N/A,#CC0033,#FFFFFF,2024-25,No Odds,,0,0.0
NCAAB_UNM_2025,NCAAB,New Mexico Lobos,MWC,N/A,#BA0C2F,#000000,2024-25,52500,,0,0.2
NCAAB_UNO_2025,NCAAB,New Orleans Privateers,Southland,N/A,#CC0033,#FFFFFF,2024-25,No Odds,,0,0.0
NCAAB_UNA_2025,NCAAB,North Alabama Lions,ASUN,N/A,#CC0033,#FFFFFF,2024-25,No Odds,,0,0.0
NCAAB_UNCG_2025,NCAAB,UNC Greensboro Spartans,SoCon,N/A,#CC0033,#FFFFFF,2024-25,No Odds,,0,0.0
NCAAB_UNCW_2025,NCAAB,UNC Wilmington Seahawks,CAA,N/A,#CC0033,#FFFFFF,2024-25,No Odds,,0,0.0
NCAAB_UNCA_2025,NCAAB,UNC Asheville Bulldogs,Big South,N/A,#CC0033,#FFFFFF,2024-25,No Odds,,0,0.0
NCAAB_UNC_2025,NCAAB,North Carolina Tar Heels,ACC,N/A,#7BAFD4,#FFFFFF,2024-25,15417,,0,0.6
NCAAB_CHAR_2025,NCAAB,Charlotte 49ers,AAC,N/A,#00703C,#FFFFFF,2024-25,No Odds,,0,0.0
NCAAB_UND_2025,NCAAB,North Dakota Fighting Hawks,Summit,N/A,#CC0033,#FFFFFF,2024-25,No Odds,,0,0.0
NCAAB_UNF_2025,NCAAB,North Florida Ospreys,ASUN,N/A,#CC0033,#FFFFFF,2024-25,No Odds,,0,0.0
NCAAB_UNT_2025,NCAAB,North Texas Mean Green,AAC,N/A,#00853E,#FFFFFF,2024-25,No Odds,,0,0.0
NCAAB_UNCO_2025,NCAAB,Northern Colorado Bears,Big Sky,N/A,#CC0033,#FFFFFF,2024-25,No Odds,,0,0.0
NCAAB_UNI_2025,NCAAB,Northern Iowa Panthers,MVC,N/A,#CC0033,#FFFFFF,2024-25,No Odds,,0,0.0
NCAAB_ND_2025,NCAAB,Notre Dame Fighting Irish,ACC,N/A,#0C2340,#C99700,2024-25,No Odds,,0,0.0
NCAAB_OKLA_2025,NCAAB,Oklahoma Sooners,SEC,N/A,#841617,#FFFFFF,2024-25,55833,,0,0.2
NCAAB_ORE_2025,NCAAB,Oregon Ducks,B10,N/A,#154733,#FEE123,2024-25,20167,,0,0.5
NCAAB_PENN_2025,NCAAB,Penn Quakers,Ivy,N/A,#8C1D40,#FFFFFF,2024-25,No Odds,,0,0.0
NCAAB_PITT_2025,NCAAB,Pittsburgh Panthers,ACC,N/A,#003366,#FFB81C,2024-25,No Odds,,0,0.0
NCAAB_PORT_2025,NCAAB,Portland Pilots,WCC,N/A,#CC0033,#FFFFFF,2024-25,No Odds,,0,0.0
NCAAB_URI_2025,NCAAB,Rhode Island Rams,A-10,N/A,#CC0033,#FFFFFF,2024-25,No Odds,,0,0.0
NCAAB_RICH_2025,NCAAB,Richmond Spiders,A-10,N/A,#CC0033,#FFFFFF,2024-25,No Odds,,0,0.0
NCAAB_USD_2025,NCAAB,San Diego Toreros,WCC,N/A,#CC0033,#FFFFFF,2024-25,No Odds,,0,0.0
NCAAB_SFU_2025,NCAAB,San Francisco Dons,WCC,N/A,#CC0033,#FFFFFF,2024-25,No Odds,,0,0.0
NCAAB_USA_2025,NCAAB,South Alabama Jaguars,Sun Belt,N/A,#003366,#FFFFFF,2024-25,No Odds,,0,0.0
NCAAB_SC_2025,NCAAB,South Carolina Gamecocks,SEC,N/A,#73000A,#000000,2024-25,No Odds,,0,0.0
NCAAB_UPST_2025,NCAAB,USC Upstate Spartans,Big South,N/A,#CC0033,#FFFFFF,2024-25,No Odds,,0,0.0
NCAAB_SDU_2025,NCAAB,South Dakota Coyotes,Summit,N/A,#CC0033,#FFFFFF,2024-25,No Odds,,0,0.0
NCAAB_USF_2025,NCAAB,South Florida Bulls,AAC,N/A,#00453D,#FFFFFF,2024-25,No Odds,,0,0.0
NCAAB_USC_2025,NCAAB,USC Trojans,B10,N/A,#990000,#FFFFFF,2024-25,No Odds,,0,0.0
NCAAB_USI_2025,NCAAB,Southern Indiana Screaming Eagles,OVC,N/A,#CC0033,#FFFFFF,2024-25,No Odds,,0,0.0
NCAAB_USM_2025,NCAAB,Southern Miss Golden Eagles,Sun Belt,N/A,#FFC72C,#000000,2024-25,No Odds,,0,0.0
NCAAB_UST_2025,NCAAB,St. Thomas Tommies,Summit,N/A,#CC0033,#FFFFFF,2024-25,No Odds,,0,0.0
NCAAB_TENN_2025,NCAAB,Tennessee Volunteers,SEC,N/A,#FF8200,#FFFFFF,2024-25,2100,,1,4.5
NCAAB_UTC_2025,NCAAB,Chattanooga Mocs,SoCon,N/A,#CC0033,#FFFFFF,2024-25,No Odds,,0,0.0
NCAAB_UTM_2025,NCAAB,UT Martin Skyhawks,OVC,N/A,#CC0033,#FFFFFF,2024-25,No Odds,,0,0.0
NCAAB_UTA_2025,NCAAB,UT Arlington Mavericks,WAC,N/A,#CC0033,#FFFFFF,2024-25,No Odds,,0,0.0
NCAAB_TEX_2025,NCAAB,Texas Longhorns,SEC,N/A,#BF5700,#FFFFFF,2024-25,75000,,0,0.1
NCAAB_UTEP_2025,NCAAB,UTEP Miners,USA,N/A,#003366,#FFC72C,2024-25,No Odds,,0,0.0
NCAAB_UTRGV_2025,NCAAB,UT Rio Grande Valley Vaqueros,Southland,N/A,#CC0033,#FFFFFF,2024-25,No Odds,,0,0.0
NCAAB_UTSA_2025,NCAAB,UTSA Roadrunners,AAC,N/A,#003366,#FFC72C,2024-25,No Odds,,0,0.0
NCAAB_UIW_2025,NCAAB,Incarnate Word Cardinals,Southland,N/A,#CC0033,#FFFFFF,2024-25,No Odds,,0,0.0
NCAAB_PAC_2025,NCAAB,Pacific Tigers,WCC,N/A,#CC0033,#FFFFFF,2024-25,No Odds,,0,0.0
NCAAB_TOL_2025,NCAAB,Toledo Rockets,MAC,N/A,#003366,#FFC72C,2024-25,No Odds,,0,0.0
NCAAB_TULSA_2025,NCAAB,Tulsa Golden Hurricane,AAC,N/A,#002D62,#FFC72C,2024-25,No Odds,,0,0.0
NCAAB_UTAH_2025,NCAAB,Utah Utes,B12,N/A,#CC0000,#FFFFFF,2024-25,No Odds,,0,0.0
NCAAB_UVM_2025,NCAAB,Vermont Catamounts,America East,N/A,#CC0033,#FFFFFF,2024-25,No Odds,,0,0.0
NCAAB_UVA_2025,NCAAB,Virginia Cavaliers,ACC,N/A,#232D4B,#FFFFFF,2024-25,No Odds,,0,0.0
NCAAB_WASH_2025,NCAAB,Washington Huskies,B12,N/A,#4B2E83,#FFFFFF,2024-25,No Odds,,0,0.0
NCAAB_UWG_2025,NCAAB,West Georgia Wolves,ASUN,N/A,#CC0033,#FFFFFF,2024-25,No Odds,,0,0.0
NCAAB_WISC_2025,NCAAB,Wisconsin Badgers,B10,N/A,#C5050C,#FFFFFF,2024-25,6250,,0,1.6
NCAAB_UWGB_2025,NCAAB,Green Bay Phoenix,Horizon,N/A,#CC0033,#FFFFFF,2024-25,No Odds,,0,0.0
NCAAB_UWM_2025,NCAAB,Milwaukee Panthers,Horizon,N/A,#CC0033,#FFFFFF,2024-25,No Odds,,0,0.0
NCAAB_WYO_2025,NCAAB,Wyoming Cowboys,MWC,N/A,#4B2E83,#FFFFFF,2024-25,No Odds,,0,0.0
NCAAB_USU_2025,NCAAB,Utah State Aggies,MWC,N/A,#003366,#FFFFFF,2024-25,76667,,0,0.1
NCAAB_UTECH_2025,NCAAB,Utah Tech Trailblazers,WAC,N/A,#CC0033,#FFFFFF,2024-25,No Odds,,0,0.0
NCAAB_UVU_2025,NCAAB,Utah Valley Wolverines,WAC,N/A,#CC0033,#FFFFFF,2024-25,No Odds,,0,0.0
NCAAB_VALPO_2025,NCAAB,Valparaiso Beacons,MVC,N/A,#CC0033,#FFFFFF,2024-25,No Odds,,0,0.0
NCAAB_VAN_2025,NCAAB,Vanderbilt Commodores,SEC,N/A,#000000,#FFFFFF,2024-25,65833,,0,0.2
NCAAB_VILL_2025,NCAAB,Villanova Wildcats,Big East,N/A,#00205B,#FFFFFF,2024-25,No Odds,,0,0.0
NCAAB_VCU_2025,NCAAB,VCU Rams,A-10,N/A,#CC0033,#FFFFFF,2024-25,31500,,0,0.3
NCAAB_VMI_2025,NCAAB,VMI Keydets,SoCon,N/A,#CC0033,#FFFFFF,2024-25,No Odds,,0,0.0
NCAAB_VT_2025,NCAAB,Virginia Tech Hokies,ACC,N/A,#630031,#CF4420,2024-25,No Odds,,0,0.0
NCAAB_WAG_2025,NCAAB,Wagner Seahawks,NEC,N/A,#CC0033,#FFFFFF,2024-25,No Odds,,0,0.0
NCAAB_WAKE_2025,NCAAB,Wake Forest Demon Deacons,ACC,N/A,#9E1B32,#000000,2024-25,No Odds,,0,0.0
NCAAB_WSU_2025,NCAAB,Washington State Cougars,WCC,N/A,#981E32,#FFFFFF,2024-25,No Odds,,0,0.0
NCAAB_WEB_2025,NCAAB,Weber State Wildcats,Big Sky,N/A,#CC0033,#FFFFFF,2024-25,No Odds,,0,0.0
NCAAB_WVU_2025,NCAAB,West Virginia Mountaineers,B12,N/A,#002855,#EAAA00,2024-25,No Odds,,0,0.0
NCAAB_WCU_2025,NCAAB,Western Carolina Catamounts,SoCon,N/A,#CC0033,#FFFFFF,2024-25,No Odds,,0,0.0
NCAAB_WIU_2025,NCAAB,Western Illinois Leathernecks,OVC,N/A,#CC0033,#FFFFFF,2024-25,No Odds,,0,0.0
NCAAB_WKU_2025,NCAAB,Western Kentucky Hilltoppers,USA,N/A,#C8102E,#FFFFFF,2024-25,No Odds,,0,0.0
NCAAB_WMU_2025,NCAAB,Western Michigan Broncos,MAC,N/A,#592A8A,#FFC72C,2024-25,No Odds,,0,0.0
NCAAB_WICH_2025,NCAAB,Wichita State Shockers,AAC,N/A,#CC0033,#FFFFFF,2024-25,No Odds,,0,0.0
NCAAB_WM_2025,NCAAB,William & Mary Tribe,CAA,N/A,#CC0033,#FFFFFF,2024-25,No Odds,,0,0.0
NCAAB_WIN_2025,NCAAB,Winthrop Eagles,Big South,N/A,#CC0033,#FFFFFF,2024-25,No Odds,,0,0.0
NCAAB_WOFF_2025,NCAAB,Wofford Terriers,SoCon,N/A,#CC0033,#FFFFFF,2024-25,No Odds,,0,0.0
NCAAB_WRS_2025,NCAAB,Wright State Raiders,Horizon,N/A,#CC0033,#FFFFFF,2024-25,No Odds,,0,0.0
NCAAB_XAV_2025,NCAAB,Xavier Musketeers,Big East,N/A,#00205B,#FFFFFF,2024-25,72500,,0,0.1
NCAAB_YALE_2025,NCAAB,Yale Bulldogs,Ivy,N/A,#003366,#FFFFFF,2024-25,95000,,0,0.1
NCAAB_YSU_2025,NCAAB,Youngstown State Penguins,Horizon,N/A,#CC0033,#FFFFF,2024-25,No Odds,,0,0.0